bookName,author,price,Release,Binding,Language
Bhagavad Gita: Yatharoop,A.C. Bhaktivedanta Swami Prabhupada,Rs.455,01 Nov 2020,Paperback,English
My First Library: Boxset of 10 Board Books for Kids,Wonder House Books Editorial,Rs.517,01 Nov 2020,Paperback,English
World’s Greatest Books For Personal Growth & Wealth (Set of 4 Books) : Perfect Motivational Gift Set,"Dale Carnegie, Napoleon Hill, Dr. Joseph Murphy & George S. Clason",Rs.482,01 Nov 2020,Paperback,English
"MTG Objective NCERT at your FINGERTIPS - Biology, Best NEET Books (Based on NCERT Pattern - Latest & Revised Edition 2022)",MTG Editorial Board,Rs.666,01 Nov 2020,Paperback,English
My First 4 In 1 Alphabet Numbers Colours Shapes: Padded Board Books,Wonder House Books,Rs.233,01 Nov 2020,Paperback,English
"Fruits - My First Early Learning Wall Chart: For Preschool, Kindergarten, Nursery And Homeschooling (19 Inches X 29 Inches)",Wonder House Books,Rs.105,01 Nov 2020,Paperback,English
Oswaal CBSE Chapterwise & Topicwise Question Bank Class 10 Science Book (For 2022-23 Exam),Oswaal Editorial Board,Rs.672,01 Nov 2020,Paperback,English
"Little Colouring Books for Kids (Set of 10 Books) - Gift to children for painting, drawing and colouring - Alphabets, Animals, Birds, Flags, Flowers, ... Transport, Vegetables - 3 to 6 years old",Maple Press ,Rs.242,01 Nov 2020,Paperback,English
My First Complete Learning Library: Boxset of 20 Board Books Gift Set for Kids (Horizontal Design),Wonder House Books,"Rs.1,019",01 Nov 2020,Paperback,English
Fruits,Pegasus Team,Rs.176,01 Nov 2020,Paperback,English
Skin Disease-Diagnosis & Treatment:First South Asia Edition-E-book,"Habif MD, Thomas P.","Rs.2,965",01 Nov 2020,Paperback,English
Ugly Love,Colleen Hoover ,Rs.274,01 Nov 2020,Paperback,English
Brain Games For Clever Kids (R),Gareth Moore,Rs.219,01 Nov 2020,Paperback,English
Oswaal CBSE Chapterwise & Topicwise Question Bank Class 10 Mathematics Standard Book (For 2022-23 Exam),Oswaal Editorial Board,Rs.563,01 Nov 2020,Paperback,English
Charts: World of Flags Charts (Educational Charts for kids),Om Books Editorial Team,Rs.99,01 Nov 2020,Paperback,English
Skeletal System,Pegasus Team,Rs.190,01 Nov 2020,Paperback,English
Oswaal CBSE Chapterwise & Topicwise Question Bank Class 10 Social Science Book (For 2022-23 Exam),Oswaal Editorial Board,Rs.664,01 Nov 2020,Paperback,English
"Writing Practice Boxset: Pack of 4 Books (Writing Fun: Write And Practice Capital Letters, Small Letters, Patterns and Numbers 1 to 10)",Wonder House Books,Rs.295,01 Nov 2020,Paperback,English
Pride & Prejudice,Prakash Books India Pvt. Ltd.,Rs.202,01 Nov 2020,Paperback,English
World’s Best Inspirational Books to Change Your Life (Box Set of 3 Books),"Dale Carnegie, Napoleon Hill, Joseph Murphy",Rs.419,01 Nov 2020,Paperback,English
